﻿<?xml version="1.0" encoding="utf-8"?>
<Radars>

  <!-- SSR Radars-->

  <Radar Name="Dmazin" Type="SSR_ModeC" Elevation="1584" MaxRange="255">
    <Lat>+11.338222</Lat>
    <Long>+034.338306</Long>
  </Radar>
  <Radar Name="Dongola" Type="SSR_ModeC" Elevation="773" MaxRange="255">
    <Lat>+19.158445</Lat>
    <Long>+030.416667</Long>
  </Radar>
  <Radar Name="El Fashir" Type="SSR_ModeC" Elevation="2402" MaxRange="255">
    <Lat>+13.623583</Lat>
    <Long>+025.326139</Long>
  </Radar>
  <Radar Name="El Obeid" Type="SSR_ModeC" Elevation="1928" MaxRange="255">
    <Lat>+13.152111</Lat>
    <Long>+030.233333</Long>
  </Radar>
  <Radar Name="Khartoum" Type="SSR_ModeC" Elevation="1271" MaxRange="255">
    <Lat>+15.590445</Lat>
    <Long>+032.556417</Long>
  </Radar>
  <Radar Name="Port Sudan" Type="SSR_ModeC" Elevation="135" MaxRange="255">
    <Lat>+19.439528</Lat>
    <Long>+037.233333</Long>
  </Radar>

  <!-- ADSB Radars-->

  <Radar Name="Atbara" Type="ADSB" Elevation="1198" MaxRange="256">
    <Lat>+17.710833</Lat>
    <Long>+034.054722</Long>
  </Radar>
  <Radar Name="Merowe" Type="ADSB" Elevation="899" MaxRange="256">
    <Lat>+18.443939</Lat>
    <Long>+031.838631</Long>
  </Radar>
  <Radar Name="Nyala" Type="ADSB" Elevation="2095" MaxRange="25">
    <Lat>+12.053639</Lat>
    <Long>+024.951639</Long>
  </Radar>
  <Radar Name="Juba" Type="ADSB" Elevation="1551" MaxRange="256">
    <Lat>04.875953</Lat>
    <Long>+031.599675</Long>
  </Radar>

  <!--Ground
  Radars-->

  <Radar Name="HJJJ_SMR" Type="SMR_ADSB" Elevation="1512" MaxRange="5">
    <Lat>04.871944</Lat>
    <Long>031.601111</Long>
  </Radar>
  <Radar Name="HJMK_SMR" Type="SMR" Elevation="1290" MaxRange="5">
    <Lat>09.558889</Lat>
    <Long>031.652222</Long>
  </Radar>
  <Radar Name="HJWW_SMR" Type="SMR" Elevation="1527" MaxRange="5">
    <Lat>07.725833</Lat>
    <Long>027.975000</Long>
  </Radar>
  <Radar Name="HKFG_SMR" Type="SMR" Elevation="1245" MaxRange="5">
    <Lat>03.480361</Lat>
    <Long>035.834167</Long>
  </Radar>
  <Radar Name="HKLG_SMR" Type="SMR" Elevation="1805" MaxRange="5">
    <Lat>04.330278</Lat>
    <Long>035.700833</Long>
  </Radar>
  <Radar Name="HKLK_SMR" Type="SMR" Elevation="2115" MaxRange="5">
    <Lat>04.204094</Lat>
    <Long>034.348192</Long>
  </Radar>
  <Radar Name="HSAT_SMR" Type="SMR" Elevation="1197" MaxRange="5">
    <Lat>17.709722</Lat>
    <Long>034.057222</Long>
  </Radar>
  <Radar Name="HSDN_SMR" Type="SMR" Elevation="773" MaxRange="5">
    <Lat>19.152500</Lat>
    <Long>030.430278</Long>
  </Radar>
  <Radar Name="HSDZ_SMR" Type="SMR" Elevation="1584" MaxRange="5">
    <Lat>11.786111</Lat>
    <Long>034.336667</Long>
  </Radar>
  <Radar Name="HSFS_SMR" Type="SMR" Elevation="2402" MaxRange="5">
    <Lat>13.615000</Lat>
    <Long>025.324722</Long>
  </Radar>
  <Radar Name="HSKA_SMR" Type="SMR" Elevation="1671" MaxRange="5">
    <Lat>15.387500</Lat>
    <Long>036.328889</Long>
  </Radar>
  <Radar Name="HSLI_SMR" Type="SMR" Elevation="1848" MaxRange="5">
    <Lat>11.137222</Lat>
    <Long>029.699167</Long>
  </Radar>
  <Radar Name="HSMN_SMR" Type="SMR_ADSB" Elevation="899" MaxRange="5">
    <Lat>18.443056</Lat>
    <Long>031.843611</Long>
  </Radar>
  <Radar Name="HSNN_SMR" Type="SMR" Elevation="2095" MaxRange="5">
    <Lat>12.053611</Lat>
    <Long>024.956111</Long>
  </Radar>
  <Radar Name="HSOB_SMR" Type="SMR" Elevation="1928" MaxRange="5">
    <Lat>13.152778</Lat>
    <Long>030.232778</Long>
  </Radar>
  <Radar Name="HSPN_SMR" Type="SMR_ADSB" Elevation="135" MaxRange="5">
    <Lat>19.433611</Lat>
    <Long>037.234167</Long>
  </Radar>
  <Radar Name="HSSG_SMR" Type="SMR" Elevation="2637" MaxRange="5">
    <Lat>13.477500</Lat>
    <Long>022.537222</Long>
  </Radar>
  <Radar Name="HSSK_SMR" Type="SMR" Elevation="1271" MaxRange="5">
    <Lat>15.590278</Lat>
    <Long>032.553056</Long>
  </Radar>
  <Radar Name="HSSW_SMR" Type="SMR" Elevation="933" MaxRange="5">
    <Lat>21.802778</Lat>
    <Long>031.521944</Long>
  </Radar>

  <!--Neighboring
  FIR Radars-->

  <!--HHAA-->

  <Radar Name="Asmara SSR" Type="SSR_ModeC" Elevation="7661" MaxRange="255">
    <Lat>15.286389</Lat>
    <Long>+038.900000</Long>
  </Radar>

  <!--HAAA-->

  <Radar Name="Soddo ADSB" Type="ADSB" Elevation="6400" MaxRange="256">
    <Lat>06.833333</Lat>
    <Long>+037.766667</Long>
  </Radar>
  <Radar Name="Axum ADSB" Type="ADSB" Elevation="6960" MaxRange="256">
    <Lat>14.146667</Lat>
    <Long>+038.776667</Long>
  </Radar>
  <Radar Name="Gambella ADSB" Type="ADSB" Elevation="1790" MaxRange="256">
    <Lat>08.117333</Lat>
    <Long>+034.563333</Long>
  </Radar>

  <!--OEJD-->

  <Radar Name="Jeddah PSR" Type="PRI" Elevation="170" MaxRange="80">
    <Lat>21.713498</Lat>
    <Long>+039.152441</Long>
  </Radar>
  <Radar Name="Jeddah SSR" Type="SSR_ModeS" Elevation="170" MaxRange="255">
    <Lat>21.713498</Lat>
    <Long>+039.152441</Long>
  </Radar>
  <Radar Name="Jeddah ADSB" Type="ADSB" Elevation="170" MaxRange="256">
    <Lat>21.713498</Lat>
    <Long>+039.152441</Long>
  </Radar>
  <Radar Name="Jeddah2 SSR" Type="SSR_ModeC" Elevation="650" MaxRange="255">
    <Lat>+21.661348</Lat>
    <Long>+039.222080</Long>
  </Radar>

  <!--HECC-->

  <Radar Name="Aswan SSR" Type="SSR_ModeC" Elevation="668" MaxRange="255">
    <Lat>21.713498</Lat>
    <Long>+039.152441</Long>
  </Radar>
</Radars>